command_recognition,2020-02-26T17:52:57.549Z,0.1
visual_slam,2020-02-26T17:52:57.549Z,0.5
random-computation,2020-02-26T17:52:57.549Z,0.35
visual_slam,2020-02-26T17:52:58.149Z,5
command_recognition,2020-02-26T17:52:58.149Z,0.1
random-computation,2020-02-26T17:52:58.149Z,0.35
visual_slam,2020-02-26T17:52:58.249Z,5
command_recognition,2020-02-26T17:52:58.249Z,0.1
random-computation,2020-02-26T17:52:58.249Z,0.35
command_recognition,2020-02-26T17:52:58.350Z,0.1
visual_slam,2020-02-26T17:52:58.350Z,0.5
random-computation,2020-02-26T17:52:58.350Z,0.35
visual_slam,2020-02-26T17:52:58.451Z,5
command_recognition,2020-02-26T17:52:58.451Z,0.1
random-computation,2020-02-26T17:52:58.451Z,0.35
visual_slam,2020-02-26T17:52:58.552Z,0.5
command_recognition,2020-02-26T17:52:58.552Z,0.1
random-computation,2020-02-26T17:52:58.552Z,0.35
visual_slam,2020-02-26T17:52:59.457Z,0.5
command_recognition,2020-02-26T17:52:59.457Z,0.1
random-computation,2020-02-26T17:52:59.457Z,0.35
visual_slam,2020-02-26T17:52:59.859Z,0.5
random-computation,2020-02-26T17:52:59.859Z,0.35
command_recognition,2020-02-26T17:52:59.859Z,0.1
command_recognition,2020-02-26T17:53:00.061Z,0.1
visual_slam,2020-02-26T17:53:00.060Z,0.5
random-computation,2020-02-26T17:53:00.061Z,0.35
visual_slam,2020-02-26T17:53:00.161Z,0.5
command_recognition,2020-02-26T17:53:00.161Z,1
random-computation,2020-02-26T17:53:00.161Z,2.5
visual_slam,2020-02-26T17:53:00.262Z,0.5
command_recognition,2020-02-26T17:53:00.262Z,1
random-computation,2020-02-26T17:53:00.262Z,2.5
visual_slam,2020-02-26T17:53:00.667Z,0.5
command_recognition,2020-02-26T17:53:00.667Z,1
random-computation,2020-02-26T17:53:00.667Z,0.35
visual_slam,2020-02-26T17:53:00.768Z,0.5
command_recognition,2020-02-26T17:53:00.769Z,0.1
random-computation,2020-02-26T17:53:00.769Z,0.35
visual_slam,2020-02-26T17:53:01.571Z,0.5
command_recognition,2020-02-26T17:53:01.571Z,0.1
random-computation,2020-02-26T17:53:01.571Z,0.35
visual_slam,2020-02-26T17:53:02.074Z,0.5
command_recognition,2020-02-26T17:53:02.074Z,0.1
random-computation,2020-02-26T17:53:02.074Z,0.35
visual_slam,2020-02-26T17:53:02.173Z,0.5
command_recognition,2020-02-26T17:53:02.174Z,0.1
random-computation,2020-02-26T17:53:02.174Z,0.35
visual_slam,2020-02-26T17:53:02.675Z,5
command_recognition,2020-02-26T17:53:02.675Z,0.1
random-computation,2020-02-26T17:53:02.675Z,0.35
visual_slam,2020-02-26T17:53:02.775Z,0.5
command_recognition,2020-02-26T17:53:02.775Z,0.1
random-computation,2020-02-26T17:53:02.775Z,0.35
visual_slam,2020-02-26T17:53:03.276Z,0.5
command_recognition,2020-02-26T17:53:03.276Z,0.1
random-computation,2020-02-26T17:53:03.276Z,2.5
visual_slam,2020-02-26T17:53:03.776Z,0.5
command_recognition,2020-02-26T17:53:03.776Z,0.1
random-computation,2020-02-26T17:53:03.776Z,0.35
visual_slam,2020-02-26T17:53:03.876Z,0.5
command_recognition,2020-02-26T17:53:03.876Z,1
random-computation,2020-02-26T17:53:03.876Z,0.35
visual_slam,2020-02-26T17:53:04.879Z,0.5
random-computation,2020-02-26T17:53:04.879Z,0.35
command_recognition,2020-02-26T17:53:04.879Z,0.1
visual_slam,2020-02-26T17:53:05.982Z,0.5
command_recognition,2020-02-26T17:53:05.982Z,0.1
random-computation,2020-02-26T17:53:05.982Z,0.35
command_recognition,2020-02-26T17:53:06.884Z,0.1
visual_slam,2020-02-26T17:53:06.884Z,0.5
random-computation,2020-02-26T17:53:06.884Z,2.5
visual_slam,2020-02-26T17:53:07.386Z,0.5
command_recognition,2020-02-26T17:53:07.386Z,0.1
random-computation,2020-02-26T17:53:07.386Z,0.35
visual_slam,2020-02-26T17:53:07.686Z,0.5
command_recognition,2020-02-26T17:53:07.686Z,1
random-computation,2020-02-26T17:53:07.686Z,0.35
visual_slam,2020-02-26T17:53:08.286Z,0.5
command_recognition,2020-02-26T17:53:08.286Z,1
random-computation,2020-02-26T17:53:08.286Z,0.35
command_recognition,2020-02-26T17:53:08.687Z,0.1
visual_slam,2020-02-26T17:53:08.687Z,0.5
random-computation,2020-02-26T17:53:08.687Z,0.35
visual_slam,2020-02-26T17:53:10.592Z,0.5
command_recognition,2020-02-26T17:53:10.592Z,0.1
random-computation,2020-02-26T17:53:10.592Z,2.5
visual_slam,2020-02-26T17:53:11.094Z,0.5
command_recognition,2020-02-26T17:53:11.094Z,0.1
random-computation,2020-02-26T17:53:11.095Z,0.35
visual_slam,2020-02-26T17:53:11.196Z,0.5
command_recognition,2020-02-26T17:53:11.196Z,0.1
random-computation,2020-02-26T17:53:11.196Z,0.35
visual_slam,2020-02-26T17:53:11.597Z,0.5
command_recognition,2020-02-26T17:53:11.597Z,1
random-computation,2020-02-26T17:53:11.597Z,0.35
command_recognition,2020-02-26T17:53:12.602Z,0.1
visual_slam,2020-02-26T17:53:12.602Z,0.5
random-computation,2020-02-26T17:53:12.602Z,0.35
visual_slam,2020-02-26T17:53:13.808Z,0.5
command_recognition,2020-02-26T17:53:13.808Z,0.1
random-computation,2020-02-26T17:53:13.808Z,0.35
visual_slam,2020-02-26T17:53:14.007Z,0.5
command_recognition,2020-02-26T17:53:14.007Z,0.1
random-computation,2020-02-26T17:53:14.007Z,0.35
command_recognition,2020-02-26T17:53:14.508Z,0.1
visual_slam,2020-02-26T17:53:14.508Z,0.5
random-computation,2020-02-26T17:53:14.508Z,2.5
visual_slam,2020-02-26T17:53:15.009Z,0.5
command_recognition,2020-02-26T17:53:15.009Z,0.1
random-computation,2020-02-26T17:53:15.009Z,0.35
visual_slam,2020-02-26T17:53:15.509Z,0.5
command_recognition,2020-02-26T17:53:15.509Z,1
random-computation,2020-02-26T17:53:15.509Z,0.35
visual_slam,2020-02-26T17:53:15.709Z,0.5
command_recognition,2020-02-26T17:53:15.709Z,1
random-computation,2020-02-26T17:53:15.709Z,0.35
visual_slam,2020-02-26T17:53:15.809Z,0.5
command_recognition,2020-02-26T17:53:15.809Z,1
random-computation,2020-02-26T17:53:15.809Z,0.35
visual_slam,2020-02-26T17:53:16.409Z,5
command_recognition,2020-02-26T17:53:16.409Z,1
random-computation,2020-02-26T17:53:16.409Z,0.35
visual_slam,2020-02-26T17:53:16.510Z,5
command_recognition,2020-02-26T17:53:16.510Z,0.1
random-computation,2020-02-26T17:53:16.510Z,0.35
visual_slam,2020-02-26T17:53:16.610Z,0.5
command_recognition,2020-02-26T17:53:16.610Z,0.1
random-computation,2020-02-26T17:53:16.610Z,0.35
visual_slam,2020-02-26T17:53:16.710Z,0.5
command_recognition,2020-02-26T17:53:16.710Z,0.1
random-computation,2020-02-26T17:53:16.710Z,0.35
visual_slam,2020-02-26T17:53:16.810Z,5
command_recognition,2020-02-26T17:53:16.810Z,0.1
random-computation,2020-02-26T17:53:16.810Z,0.35
command_recognition,2020-02-26T17:53:16.911Z,0.1
visual_slam,2020-02-26T17:53:16.910Z,5
random-computation,2020-02-26T17:53:16.911Z,0.35
visual_slam,2020-02-26T17:53:17.009Z,0.5
command_recognition,2020-02-26T17:53:17.009Z,0.1
random-computation,2020-02-26T17:53:17.009Z,0.35
visual_slam,2020-02-26T17:53:17.110Z,0.5
command_recognition,2020-02-26T17:53:17.110Z,0.1
random-computation,2020-02-26T17:53:17.110Z,0.35
visual_slam,2020-02-26T17:53:17.210Z,5
command_recognition,2020-02-26T17:53:17.210Z,0.1
random-computation,2020-02-26T17:53:17.210Z,0.35
command_recognition,2020-02-26T17:53:17.310Z,0.1
visual_slam,2020-02-26T17:53:17.310Z,5
random-computation,2020-02-26T17:53:17.310Z,0.35
visual_slam,2020-02-26T17:53:17.410Z,0.5
command_recognition,2020-02-26T17:53:17.410Z,0.1
random-computation,2020-02-26T17:53:17.410Z,0.35
visual_slam,2020-02-26T17:53:18.113Z,0.5
command_recognition,2020-02-26T17:53:18.113Z,0.1
random-computation,2020-02-26T17:53:18.113Z,2.5
visual_slam,2020-02-26T17:53:18.616Z,0.5
random-computation,2020-02-26T17:53:18.616Z,0.35
command_recognition,2020-02-26T17:53:18.616Z,0.1
visual_slam,2020-02-26T17:53:19.123Z,0.5
command_recognition,2020-02-26T17:53:19.123Z,1
random-computation,2020-02-26T17:53:19.123Z,0.35
visual_slam,2020-02-26T17:53:20.123Z,0.5
command_recognition,2020-02-26T17:53:20.123Z,0.1
random-computation,2020-02-26T17:53:20.123Z,0.35
visual_slam,2020-02-26T17:53:21.826Z,0.5
command_recognition,2020-02-26T17:53:21.826Z,0.1
random-computation,2020-02-26T17:53:21.826Z,2.5
visual_slam,2020-02-26T17:53:22.328Z,0.5
command_recognition,2020-02-26T17:53:22.328Z,0.1
random-computation,2020-02-26T17:53:22.328Z,0.35
visual_slam,2020-02-26T17:53:22.928Z,0.5
command_recognition,2020-02-26T17:53:22.929Z,1
random-computation,2020-02-26T17:53:22.929Z,0.35
visual_slam,2020-02-26T17:53:23.930Z,0.5
command_recognition,2020-02-26T17:53:23.930Z,0.1
random-computation,2020-02-26T17:53:23.930Z,0.35
visual_slam,2020-02-26T17:53:24.831Z,0.5
command_recognition,2020-02-26T17:53:24.831Z,0.1
random-computation,2020-02-26T17:53:24.831Z,2.5
visual_slam,2020-02-26T17:53:25.333Z,0.5
command_recognition,2020-02-26T17:53:25.333Z,0.1
random-computation,2020-02-26T17:53:25.333Z,0.35
visual_slam,2020-02-26T17:53:26.336Z,0.5
command_recognition,2020-02-26T17:53:26.336Z,1
random-computation,2020-02-26T17:53:26.336Z,0.35
visual_slam,2020-02-26T17:53:26.537Z,0.5
command_recognition,2020-02-26T17:53:26.537Z,1
random-computation,2020-02-26T17:53:26.537Z,0.35
visual_slam,2020-02-26T17:53:27.338Z,0.5
command_recognition,2020-02-26T17:53:27.338Z,0.1
random-computation,2020-02-26T17:53:27.338Z,0.35
command_recognition,2020-02-26T17:53:28.040Z,0.1
visual_slam,2020-02-26T17:53:28.040Z,5
random-computation,2020-02-26T17:53:28.040Z,0.35
visual_slam,2020-02-26T17:53:28.541Z,5
command_recognition,2020-02-26T17:53:28.541Z,0.1
random-computation,2020-02-26T17:53:28.541Z,2.5
visual_slam,2020-02-26T17:53:28.942Z,5
command_recognition,2020-02-26T17:53:28.942Z,0.1
random-computation,2020-02-26T17:53:28.942Z,2.5
visual_slam,2020-02-26T17:53:29.042Z,0.5
command_recognition,2020-02-26T17:53:29.042Z,0.1
random-computation,2020-02-26T17:53:29.042Z,0.35
visual_slam,2020-02-26T17:53:29.143Z,0.5
command_recognition,2020-02-26T17:53:29.143Z,0.1
random-computation,2020-02-26T17:53:29.143Z,0.35
visual_slam,2020-02-26T17:53:29.242Z,0.5
command_recognition,2020-02-26T17:53:29.242Z,0.1
random-computation,2020-02-26T17:53:29.242Z,0.35
visual_slam,2020-02-26T17:53:29.342Z,0.5
command_recognition,2020-02-26T17:53:29.343Z,0.1
random-computation,2020-02-26T17:53:29.343Z,0.35
visual_slam,2020-02-26T17:53:29.442Z,5
command_recognition,2020-02-26T17:53:29.442Z,0.1
random-computation,2020-02-26T17:53:29.442Z,0.35
visual_slam,2020-02-26T17:53:29.543Z,0.5
command_recognition,2020-02-26T17:53:29.543Z,0.1
random-computation,2020-02-26T17:53:29.543Z,0.35
visual_slam,2020-02-26T17:53:29.643Z,0.5
command_recognition,2020-02-26T17:53:29.643Z,1
random-computation,2020-02-26T17:53:29.643Z,0.35
visual_slam,2020-02-26T17:53:29.744Z,0.5
command_recognition,2020-02-26T17:53:29.744Z,1
random-computation,2020-02-26T17:53:29.744Z,0.35
visual_slam,2020-02-26T17:53:29.843Z,0.5
command_recognition,2020-02-26T17:53:29.843Z,1
random-computation,2020-02-26T17:53:29.843Z,0.35
visual_slam,2020-02-26T17:53:30.646Z,0.5
command_recognition,2020-02-26T17:53:30.646Z,0.1
random-computation,2020-02-26T17:53:30.646Z,0.35
visual_slam,2020-02-26T17:53:32.449Z,0.5
command_recognition,2020-02-26T17:53:32.449Z,0.1
random-computation,2020-02-26T17:53:32.449Z,2.5
visual_slam,2020-02-26T17:53:32.951Z,0.5
command_recognition,2020-02-26T17:53:32.951Z,0.1
random-computation,2020-02-26T17:53:32.951Z,0.35
visual_slam,2020-02-26T17:53:33.553Z,0.5
command_recognition,2020-02-26T17:53:33.553Z,1
random-computation,2020-02-26T17:53:33.553Z,0.35
visual_slam,2020-02-26T17:53:34.554Z,0.5
command_recognition,2020-02-26T17:53:34.554Z,0.1
random-computation,2020-02-26T17:53:34.554Z,0.35
visual_slam,2020-02-26T17:53:35.155Z,5
command_recognition,2020-02-26T17:53:35.155Z,0.1
random-computation,2020-02-26T17:53:35.155Z,0.35
visual_slam,2020-02-26T17:53:35.556Z,5
command_recognition,2020-02-26T17:53:35.557Z,0.1
random-computation,2020-02-26T17:53:35.557Z,2.5
visual_slam,2020-02-26T17:53:36.056Z,5
command_recognition,2020-02-26T17:53:36.056Z,0.1
random-computation,2020-02-26T17:53:36.056Z,0.35
visual_slam,2020-02-26T17:53:36.957Z,5
command_recognition,2020-02-26T17:53:36.958Z,0.1
random-computation,2020-02-26T17:53:36.958Z,0.35
visual_slam,2020-02-26T17:53:37.057Z,5
command_recognition,2020-02-26T17:53:37.057Z,0.1
random-computation,2020-02-26T17:53:37.057Z,0.35
command_recognition,2020-02-26T17:53:37.157Z,1
visual_slam,2020-02-26T17:53:37.157Z,5
random-computation,2020-02-26T17:53:37.157Z,0.35
visual_slam,2020-02-26T17:53:37.358Z,0.5
command_recognition,2020-02-26T17:53:37.359Z,1
random-computation,2020-02-26T17:53:37.359Z,0.35
visual_slam,2020-02-26T17:53:37.458Z,5
command_recognition,2020-02-26T17:53:37.458Z,1
random-computation,2020-02-26T17:53:37.458Z,0.35
visual_slam,2020-02-26T17:53:37.558Z,5
command_recognition,2020-02-26T17:53:37.559Z,1
random-computation,2020-02-26T17:53:37.559Z,0.35
visual_slam,2020-02-26T17:53:37.659Z,0.5
random-computation,2020-02-26T17:53:37.659Z,0.35
command_recognition,2020-02-26T17:53:37.659Z,1
visual_slam,2020-02-26T17:53:37.760Z,5
command_recognition,2020-02-26T17:53:37.760Z,1
random-computation,2020-02-26T17:53:37.760Z,0.35
visual_slam,2020-02-26T17:53:38.162Z,5
command_recognition,2020-02-26T17:53:38.162Z,0.1
random-computation,2020-02-26T17:53:38.162Z,0.35
visual_slam,2020-02-26T17:53:39.066Z,5
command_recognition,2020-02-26T17:53:39.066Z,0.1
random-computation,2020-02-26T17:53:39.066Z,2.5
visual_slam,2020-02-26T17:53:39.567Z,5
random-computation,2020-02-26T17:53:39.567Z,0.35
command_recognition,2020-02-26T17:53:39.567Z,0.1
visual_slam,2020-02-26T17:53:40.469Z,5
command_recognition,2020-02-26T17:53:40.469Z,1
random-computation,2020-02-26T17:53:40.469Z,0.35
visual_slam,2020-02-26T17:53:41.471Z,5
command_recognition,2020-02-26T17:53:41.471Z,0.1
random-computation,2020-02-26T17:53:41.471Z,0.35
visual_slam,2020-02-26T17:53:42.072Z,5
command_recognition,2020-02-26T17:53:42.072Z,0.1
random-computation,2020-02-26T17:53:42.072Z,2.5
visual_slam,2020-02-26T17:53:42.573Z,5
command_recognition,2020-02-26T17:53:42.573Z,0.1
random-computation,2020-02-26T17:53:42.573Z,0.35
visual_slam,2020-02-26T17:53:44.477Z,5
command_recognition,2020-02-26T17:53:44.477Z,1
random-computation,2020-02-26T17:53:44.477Z,0.35
visual_slam,2020-02-26T17:53:45.377Z,5
random-computation,2020-02-26T17:53:45.377Z,0.35
command_recognition,2020-02-26T17:53:45.377Z,0.1
visual_slam,2020-02-26T17:53:45.978Z,5
random-computation,2020-02-26T17:53:45.978Z,2.5
command_recognition,2020-02-26T17:53:45.978Z,0.1
visual_slam,2020-02-26T17:53:46.479Z,5
command_recognition,2020-02-26T17:53:46.479Z,0.1
random-computation,2020-02-26T17:53:46.479Z,0.35
visual_slam,2020-02-26T17:53:48.284Z,5
command_recognition,2020-02-26T17:53:48.284Z,1
random-computation,2020-02-26T17:53:48.284Z,0.35
visual_slam,2020-02-26T17:53:49.285Z,5
command_recognition,2020-02-26T17:53:49.285Z,0.1
random-computation,2020-02-26T17:53:49.285Z,0.35
visual_slam,2020-02-26T17:53:49.789Z,5
command_recognition,2020-02-26T17:53:49.789Z,0.1
random-computation,2020-02-26T17:53:49.789Z,2.5
visual_slam,2020-02-26T17:53:50.291Z,5
command_recognition,2020-02-26T17:53:50.291Z,0.1
random-computation,2020-02-26T17:53:50.291Z,0.35
visual_slam,2020-02-26T17:53:51.694Z,5
random-computation,2020-02-26T17:53:51.694Z,0.35
command_recognition,2020-02-26T17:53:51.694Z,1
command_recognition,2020-02-26T17:53:52.697Z,0.1
visual_slam,2020-02-26T17:53:52.697Z,5
random-computation,2020-02-26T17:53:52.697Z,0.35
visual_slam,2020-02-26T17:53:53.400Z,5
command_recognition,2020-02-26T17:53:53.400Z,0.1
random-computation,2020-02-26T17:53:53.400Z,2.5
visual_slam,2020-02-26T17:53:53.901Z,5
command_recognition,2020-02-26T17:53:53.901Z,0.1
random-computation,2020-02-26T17:53:53.901Z,0.35
visual_slam,2020-02-26T17:53:55.602Z,5
command_recognition,2020-02-26T17:53:55.603Z,1
random-computation,2020-02-26T17:53:55.603Z,0.35
command_recognition,2020-02-26T17:53:56.603Z,0.1
visual_slam,2020-02-26T17:53:56.603Z,5
random-computation,2020-02-26T17:53:56.603Z,0.35
command_recognition,2020-02-26T17:53:56.903Z,0.1
visual_slam,2020-02-26T17:53:56.903Z,5
random-computation,2020-02-26T17:53:56.903Z,2.5
visual_slam,2020-02-26T17:53:57.405Z,5
command_recognition,2020-02-26T17:53:57.405Z,0.1
random-computation,2020-02-26T17:53:57.405Z,0.35
command_recognition,2020-02-26T17:53:59.208Z,1
visual_slam,2020-02-26T17:53:59.208Z,5
random-computation,2020-02-26T17:53:59.208Z,0.35
visual_slam,2020-02-26T17:54:00.210Z,5
command_recognition,2020-02-26T17:54:00.210Z,0.1
random-computation,2020-02-26T17:54:00.210Z,2.5
visual_slam,2020-02-26T17:54:00.712Z,5
random-computation,2020-02-26T17:54:00.712Z,0.35
command_recognition,2020-02-26T17:54:00.712Z,0.1
visual_slam,2020-02-26T17:54:02.616Z,5
command_recognition,2020-02-26T17:54:02.617Z,1
random-computation,2020-02-26T17:54:02.617Z,0.35
visual_slam,2020-02-26T17:54:03.618Z,5
random-computation,2020-02-26T17:54:03.618Z,2.5
command_recognition,2020-02-26T17:54:03.618Z,0.1
visual_slam,2020-02-26T17:54:04.119Z,5
command_recognition,2020-02-26T17:54:04.119Z,0.1
random-computation,2020-02-26T17:54:04.119Z,0.35
visual_slam,2020-02-26T17:54:06.224Z,5
command_recognition,2020-02-26T17:54:06.224Z,1
random-computation,2020-02-26T17:54:06.224Z,0.35
visual_slam,2020-02-26T17:54:07.126Z,5
command_recognition,2020-02-26T17:54:07.126Z,0.1
random-computation,2020-02-26T17:54:07.126Z,0.35
visual_slam,2020-02-26T17:54:07.326Z,5
command_recognition,2020-02-26T17:54:07.326Z,0.1
random-computation,2020-02-26T17:54:07.326Z,2.5
visual_slam,2020-02-26T17:54:07.828Z,5
command_recognition,2020-02-26T17:54:07.828Z,0.1
random-computation,2020-02-26T17:54:07.828Z,0.35
visual_slam,2020-02-26T17:54:10.031Z,5
command_recognition,2020-02-26T17:54:10.031Z,1
random-computation,2020-02-26T17:54:10.031Z,0.35
command_recognition,2020-02-26T17:54:10.431Z,1
visual_slam,2020-02-26T17:54:10.431Z,5
random-computation,2020-02-26T17:54:10.431Z,2.5
command_recognition,2020-02-26T17:54:10.931Z,1
visual_slam,2020-02-26T17:54:10.931Z,5
random-computation,2020-02-26T17:54:10.931Z,0.35
visual_slam,2020-02-26T17:54:11.031Z,5
command_recognition,2020-02-26T17:54:11.031Z,0.1
random-computation,2020-02-26T17:54:11.031Z,0.35
visual_slam,2020-02-26T17:54:13.233Z,5
command_recognition,2020-02-26T17:54:13.234Z,1
random-computation,2020-02-26T17:54:13.234Z,0.35
visual_slam,2020-02-26T17:54:13.935Z,5
command_recognition,2020-02-26T17:54:13.935Z,0.1
random-computation,2020-02-26T17:54:13.935Z,0.35
visual_slam,2020-02-26T17:54:14.237Z,5
command_recognition,2020-02-26T17:54:14.237Z,0.1
random-computation,2020-02-26T17:54:14.237Z,2.5
command_recognition,2020-02-26T17:54:14.739Z,0.1
visual_slam,2020-02-26T17:54:14.738Z,5
random-computation,2020-02-26T17:54:14.739Z,0.35
visual_slam,2020-02-26T17:54:17.144Z,5
command_recognition,2020-02-26T17:54:17.145Z,1
random-computation,2020-02-26T17:54:17.145Z,0.35
visual_slam,2020-02-26T17:54:17.745Z,5
command_recognition,2020-02-26T17:54:17.745Z,1
random-computation,2020-02-26T17:54:17.745Z,2.5
visual_slam,2020-02-26T17:54:18.146Z,5
command_recognition,2020-02-26T17:54:18.146Z,0.1
random-computation,2020-02-26T17:54:18.146Z,2.5
visual_slam,2020-02-26T17:54:18.246Z,5
command_recognition,2020-02-26T17:54:18.246Z,0.1
random-computation,2020-02-26T17:54:18.246Z,0.35
visual_slam,2020-02-26T17:54:21.152Z,5
command_recognition,2020-02-26T17:54:21.152Z,1
random-computation,2020-02-26T17:54:21.152Z,0.35
visual_slam,2020-02-26T17:54:21.252Z,5
command_recognition,2020-02-26T17:54:21.252Z,1
random-computation,2020-02-26T17:54:21.252Z,2.5
visual_slam,2020-02-26T17:54:21.754Z,5
command_recognition,2020-02-26T17:54:21.754Z,1
random-computation,2020-02-26T17:54:21.754Z,0.35
visual_slam,2020-02-26T17:54:22.155Z,5
random-computation,2020-02-26T17:54:22.155Z,0.35
command_recognition,2020-02-26T17:54:22.155Z,0.1
visual_slam,2020-02-26T17:54:24.262Z,5
command_recognition,2020-02-26T17:54:24.262Z,1
random-computation,2020-02-26T17:54:24.262Z,0.35
visual_slam,2020-02-26T17:54:25.062Z,5
command_recognition,2020-02-26T17:54:25.062Z,1
random-computation,2020-02-26T17:54:25.062Z,2.5
visual_slam,2020-02-26T17:54:25.162Z,5
command_recognition,2020-02-26T17:54:25.162Z,0.1
random-computation,2020-02-26T17:54:25.162Z,2.5
visual_slam,2020-02-26T17:54:25.563Z,5
command_recognition,2020-02-26T17:54:25.563Z,0.1
random-computation,2020-02-26T17:54:25.563Z,0.35
visual_slam,2020-02-26T17:54:27.267Z,5
command_recognition,2020-02-26T17:54:27.267Z,1
random-computation,2020-02-26T17:54:27.267Z,0.35
visual_slam,2020-02-26T17:54:28.268Z,5
command_recognition,2020-02-26T17:54:28.268Z,0.1
random-computation,2020-02-26T17:54:28.268Z,2.5
visual_slam,2020-02-26T17:54:28.769Z,5
command_recognition,2020-02-26T17:54:28.769Z,0.1
random-computation,2020-02-26T17:54:28.769Z,0.35
command_recognition,2020-02-26T17:54:31.172Z,1
visual_slam,2020-02-26T17:54:31.172Z,5
random-computation,2020-02-26T17:54:31.172Z,0.35
visual_slam,2020-02-26T17:54:31.973Z,5
command_recognition,2020-02-26T17:54:31.973Z,1
random-computation,2020-02-26T17:54:31.973Z,2.5
command_recognition,2020-02-26T17:54:32.174Z,0.1
visual_slam,2020-02-26T17:54:32.174Z,5
random-computation,2020-02-26T17:54:32.174Z,2.5
visual_slam,2020-02-26T17:54:32.474Z,5
command_recognition,2020-02-26T17:54:32.474Z,0.1
random-computation,2020-02-26T17:54:32.474Z,0.35
visual_slam,2020-02-26T17:54:34.778Z,5
command_recognition,2020-02-26T17:54:34.778Z,1
random-computation,2020-02-26T17:54:34.778Z,0.35
visual_slam,2020-02-26T17:54:34.979Z,5
command_recognition,2020-02-26T17:54:34.979Z,1
random-computation,2020-02-26T17:54:34.979Z,2.5
visual_slam,2020-02-26T17:54:35.481Z,5
command_recognition,2020-02-26T17:54:35.481Z,1
random-computation,2020-02-26T17:54:35.481Z,0.35
visual_slam,2020-02-26T17:54:35.782Z,5
command_recognition,2020-02-26T17:54:35.782Z,0.1
random-computation,2020-02-26T17:54:35.782Z,0.35
visual_slam,2020-02-26T17:54:37.888Z,5
command_recognition,2020-02-26T17:54:37.888Z,1
random-computation,2020-02-26T17:54:37.888Z,0.35
visual_slam,2020-02-26T17:54:38.488Z,5
command_recognition,2020-02-26T17:54:38.488Z,1
random-computation,2020-02-26T17:54:38.488Z,2.5
visual_slam,2020-02-26T17:54:38.888Z,5
command_recognition,2020-02-26T17:54:38.888Z,0.1
random-computation,2020-02-26T17:54:38.888Z,2.5
visual_slam,2020-02-26T17:54:38.988Z,5
command_recognition,2020-02-26T17:54:38.988Z,0.1
random-computation,2020-02-26T17:54:38.988Z,0.35
visual_slam,2020-02-26T17:54:41.389Z,5
command_recognition,2020-02-26T17:54:41.389Z,1
random-computation,2020-02-26T17:54:41.389Z,0.35
visual_slam,2020-02-26T17:54:41.690Z,5
command_recognition,2020-02-26T17:54:41.690Z,1
random-computation,2020-02-26T17:54:41.690Z,2.5
visual_slam,2020-02-26T17:54:42.191Z,5
command_recognition,2020-02-26T17:54:42.191Z,1
random-computation,2020-02-26T17:54:42.191Z,0.35
visual_slam,2020-02-26T17:54:42.391Z,5
command_recognition,2020-02-26T17:54:42.391Z,0.1
random-computation,2020-02-26T17:54:42.391Z,0.35
command_recognition,2020-02-26T17:54:45.196Z,0.1
visual_slam,2020-02-26T17:54:45.196Z,5
random-computation,2020-02-26T17:54:45.196Z,2.5
visual_slam,2020-02-26T17:54:45.296Z,5
command_recognition,2020-02-26T17:54:45.296Z,1
random-computation,2020-02-26T17:54:45.296Z,2.5
visual_slam,2020-02-26T17:54:45.697Z,5
command_recognition,2020-02-26T17:54:45.697Z,1
random-computation,2020-02-26T17:54:45.697Z,0.35
visual_slam,2020-02-26T17:54:46.298Z,5
command_recognition,2020-02-26T17:54:46.298Z,0.1
random-computation,2020-02-26T17:54:46.298Z,0.35
visual_slam,2020-02-26T17:54:48.301Z,5
command_recognition,2020-02-26T17:54:48.301Z,0.1
random-computation,2020-02-26T17:54:48.301Z,2.5
visual_slam,2020-02-26T17:54:48.803Z,5
command_recognition,2020-02-26T17:54:48.803Z,0.1
random-computation,2020-02-26T17:54:48.803Z,0.35
command_recognition,2020-02-26T17:54:49.003Z,1
visual_slam,2020-02-26T17:54:49.003Z,5
random-computation,2020-02-26T17:54:49.003Z,0.35
visual_slam,2020-02-26T17:54:49.705Z,5
command_recognition,2020-02-26T17:54:49.706Z,0.1
random-computation,2020-02-26T17:54:49.706Z,0.35
command_recognition,2020-02-26T17:54:51.711Z,0.1
visual_slam,2020-02-26T17:54:51.711Z,5
random-computation,2020-02-26T17:54:51.711Z,2.5
visual_slam,2020-02-26T17:54:52.211Z,5
command_recognition,2020-02-26T17:54:52.211Z,0.1
random-computation,2020-02-26T17:54:52.211Z,0.35
visual_slam,2020-02-26T17:54:52.311Z,5
command_recognition,2020-02-26T17:54:52.311Z,1
random-computation,2020-02-26T17:54:52.311Z,0.35
visual_slam,2020-02-26T17:54:53.312Z,5
command_recognition,2020-02-26T17:54:53.313Z,0.1
random-computation,2020-02-26T17:54:53.313Z,0.35
visual_slam,2020-02-26T17:54:55.013Z,5
command_recognition,2020-02-26T17:54:55.013Z,0.1
random-computation,2020-02-26T17:54:55.013Z,2.5
visual_slam,2020-02-26T17:54:55.516Z,5
command_recognition,2020-02-26T17:54:55.516Z,0.1
random-computation,2020-02-26T17:54:55.516Z,0.35
visual_slam,2020-02-26T17:54:55.616Z,5
command_recognition,2020-02-26T17:54:55.616Z,1
random-computation,2020-02-26T17:54:55.616Z,0.35
visual_slam,2020-02-26T17:54:56.617Z,5
command_recognition,2020-02-26T17:54:56.617Z,0.1
random-computation,2020-02-26T17:54:56.617Z,0.35
visual_slam,2020-02-26T17:54:58.319Z,5
random-computation,2020-02-26T17:54:58.319Z,2.5
command_recognition,2020-02-26T17:54:58.319Z,0.1
visual_slam,2020-02-26T17:54:58.819Z,5
command_recognition,2020-02-26T17:54:58.819Z,0.1
random-computation,2020-02-26T17:54:58.819Z,0.35
visual_slam,2020-02-26T17:54:59.321Z,5
command_recognition,2020-02-26T17:54:59.321Z,1
random-computation,2020-02-26T17:54:59.321Z,0.35
visual_slam,2020-02-26T17:55:00.324Z,5
command_recognition,2020-02-26T17:55:00.324Z,0.1
random-computation,2020-02-26T17:55:00.324Z,0.35
visual_slam,2020-02-26T17:55:01.429Z,5
command_recognition,2020-02-26T17:55:01.429Z,0.1
random-computation,2020-02-26T17:55:01.429Z,2.5
command_recognition,2020-02-26T17:55:01.930Z,0.1
visual_slam,2020-02-26T17:55:01.930Z,5
random-computation,2020-02-26T17:55:01.930Z,0.35
visual_slam,2020-02-26T17:55:02.630Z,5
command_recognition,2020-02-26T17:55:02.630Z,1
random-computation,2020-02-26T17:55:02.630Z,0.35
visual_slam,2020-02-26T17:55:03.633Z,5
command_recognition,2020-02-26T17:55:03.633Z,0.1
random-computation,2020-02-26T17:55:03.633Z,0.35
visual_slam,2020-02-26T17:55:04.635Z,5
random-computation,2020-02-26T17:55:04.635Z,2.5
command_recognition,2020-02-26T17:55:04.635Z,0.1
visual_slam,2020-02-26T17:55:05.135Z,5
command_recognition,2020-02-26T17:55:05.135Z,0.1
random-computation,2020-02-26T17:55:05.135Z,0.35
visual_slam,2020-02-26T17:55:05.735Z,5
command_recognition,2020-02-26T17:55:05.735Z,0
random-computation,2020-02-26T17:55:05.735Z,0.35
command_recognition,2020-02-26T17:55:08.241Z,0
visual_slam,2020-02-26T17:55:08.241Z,5
random-computation,2020-02-26T17:55:08.241Z,2.5
visual_slam,2020-02-26T17:55:08.743Z,5
command_recognition,2020-02-26T17:55:08.743Z,0
random-computation,2020-02-26T17:55:08.743Z,0.35
visual_slam,2020-02-26T17:55:11.347Z,5
command_recognition,2020-02-26T17:55:11.347Z,0
random-computation,2020-02-26T17:55:11.347Z,2.5
visual_slam,2020-02-26T17:55:11.848Z,5
random-computation,2020-02-26T17:55:11.848Z,0.35
command_recognition,2020-02-26T17:55:11.848Z,0
visual_slam,2020-02-26T17:55:15.256Z,5
command_recognition,2020-02-26T17:55:15.256Z,0
random-computation,2020-02-26T17:55:15.256Z,2.5
visual_slam,2020-02-26T17:55:15.756Z,5
command_recognition,2020-02-26T17:55:15.756Z,0
random-computation,2020-02-26T17:55:15.756Z,0.35
visual_slam,2020-02-26T17:55:19.258Z,5
command_recognition,2020-02-26T17:55:19.258Z,0
random-computation,2020-02-26T17:55:19.258Z,2.5
visual_slam,2020-02-26T17:55:19.759Z,5
command_recognition,2020-02-26T17:55:19.759Z,0
random-computation,2020-02-26T17:55:19.759Z,0.35
visual_slam,2020-02-26T17:55:22.475Z,5
random-computation,2020-02-26T17:55:22.475Z,2.5
command_recognition,2020-02-26T17:55:22.475Z,0
visual_slam,2020-02-26T17:55:22.975Z,5
command_recognition,2020-02-26T17:55:22.976Z,0
random-computation,2020-02-26T17:55:22.976Z,0.35
visual_slam,2020-02-26T17:55:26.384Z,5
command_recognition,2020-02-26T17:55:26.384Z,0
random-computation,2020-02-26T17:55:26.384Z,2.5
visual_slam,2020-02-26T17:55:26.884Z,5
command_recognition,2020-02-26T17:55:26.884Z,0
random-computation,2020-02-26T17:55:26.884Z,0.35
visual_slam,2020-02-26T17:55:30.098Z,5
command_recognition,2020-02-26T17:55:30.098Z,0
random-computation,2020-02-26T17:55:30.099Z,2.5
visual_slam,2020-02-26T17:55:30.599Z,5
command_recognition,2020-02-26T17:55:30.599Z,0
random-computation,2020-02-26T17:55:30.599Z,0.35
visual_slam,2020-02-26T17:55:33.613Z,5
command_recognition,2020-02-26T17:55:33.613Z,0
random-computation,2020-02-26T17:55:33.613Z,2.5
visual_slam,2020-02-26T17:55:34.115Z,5
command_recognition,2020-02-26T17:55:34.115Z,0
random-computation,2020-02-26T17:55:34.115Z,0.35
visual_slam,2020-02-26T17:55:37.530Z,5
command_recognition,2020-02-26T17:55:37.530Z,0
random-computation,2020-02-26T17:55:37.530Z,2.5
visual_slam,2020-02-26T17:55:38.031Z,5
command_recognition,2020-02-26T17:55:38.031Z,0
random-computation,2020-02-26T17:55:38.031Z,0.35
visual_slam,2020-02-26T17:55:40.833Z,5
command_recognition,2020-02-26T17:55:40.833Z,0
random-computation,2020-02-26T17:55:40.833Z,2.5
visual_slam,2020-02-26T17:55:41.333Z,5
command_recognition,2020-02-26T17:55:41.334Z,0
random-computation,2020-02-26T17:55:41.334Z,0.35
visual_slam,2020-02-26T17:55:44.645Z,5
command_recognition,2020-02-26T17:55:44.645Z,0
random-computation,2020-02-26T17:55:44.645Z,2.5
visual_slam,2020-02-26T17:55:45.146Z,5
command_recognition,2020-02-26T17:55:45.147Z,0
random-computation,2020-02-26T17:55:45.147Z,0.35
visual_slam,2020-02-26T17:55:47.652Z,5
command_recognition,2020-02-26T17:55:47.652Z,0
random-computation,2020-02-26T17:55:47.652Z,2.5
visual_slam,2020-02-26T17:55:48.153Z,5
command_recognition,2020-02-26T17:55:48.153Z,0
random-computation,2020-02-26T17:55:48.153Z,0.35
command_recognition,2020-02-26T17:55:51.258Z,0
visual_slam,2020-02-26T17:55:51.258Z,5
random-computation,2020-02-26T17:55:51.258Z,2.5
visual_slam,2020-02-26T17:55:51.758Z,5
command_recognition,2020-02-26T17:55:51.758Z,0
random-computation,2020-02-26T17:55:51.758Z,0.35
command_recognition,2020-02-26T17:55:54.564Z,0
visual_slam,2020-02-26T17:55:54.564Z,5
random-computation,2020-02-26T17:55:54.564Z,2.5
visual_slam,2020-02-26T17:55:55.064Z,5
random-computation,2020-02-26T17:55:55.065Z,0.35
command_recognition,2020-02-26T17:55:55.064Z,0
visual_slam,2020-02-26T17:55:57.877Z,5
command_recognition,2020-02-26T17:55:57.877Z,0
random-computation,2020-02-26T17:55:57.877Z,2.5
visual_slam,2020-02-26T17:55:58.380Z,5
random-computation,2020-02-26T17:55:58.380Z,0.35
command_recognition,2020-02-26T17:55:58.380Z,0
command_recognition,2020-02-26T17:56:00.695Z,0
visual_slam,2020-02-26T17:56:00.695Z,0.5
random-computation,2020-02-26T17:56:00.695Z,0.35
visual_slam,2020-02-26T17:56:01.297Z,0.5
command_recognition,2020-02-26T17:56:01.297Z,0
random-computation,2020-02-26T17:56:01.297Z,2.5
visual_slam,2020-02-26T17:56:01.797Z,0.5
command_recognition,2020-02-26T17:56:01.797Z,0
random-computation,2020-02-26T17:56:01.797Z,0.35
visual_slam,2020-02-26T17:56:09.729Z,0
command_recognition,2020-02-26T17:56:09.729Z,0
random-computation,2020-02-26T17:56:09.729Z,0.35