visual_slam,2020-02-26T17:52:50.849Z,1
visual_slam,2020-02-26T17:52:51.299Z,2
visual_slam,2020-02-26T17:52:51.649Z,3
visual_slam,2020-02-26T17:52:51.949Z,4
visual_slam,2020-02-26T17:52:52.149Z,5
visual_slam,2020-02-26T17:52:52.749Z,6
visual_slam,2020-02-26T17:52:52.949Z,7
visual_slam,2020-02-26T17:52:53.049Z,8
visual_slam,2020-02-26T17:52:53.149Z,9
visual_slam,2020-02-26T17:52:53.299Z,10
visual_slam,2020-02-26T17:52:54.399Z,11
visual_slam,2020-02-26T17:52:59.749Z,12
visual_slam,2020-02-26T17:53:00.498Z,13
visual_slam,2020-02-26T17:53:00.949Z,14
visual_slam,2020-02-26T17:53:05.399Z,15
visual_slam,2020-02-26T17:53:06.249Z,16
visual_slam,2020-02-26T17:53:06.699Z,17
visual_slam,2020-02-26T17:53:07.249Z,18
visual_slam,2020-02-26T17:53:07.749Z,19
visual_slam,2020-02-26T17:53:07.949Z,20
visual_slam,2020-02-26T17:53:09.449Z,21
visual_slam,2020-02-26T17:53:12.149Z,22
visual_slam,2020-02-26T17:53:12.799Z,23
visual_slam,2020-02-26T17:53:13.199Z,24
visual_slam,2020-02-26T17:53:14.649Z,25
visual_slam,2020-02-26T17:53:16.799Z,26
visual_slam,2020-02-26T17:53:17.699Z,27
visual_slam,2020-02-26T17:53:19.549Z,28
visual_slam,2020-02-26T17:53:20.498Z,29
visual_slam,2020-02-26T17:53:21.349Z,30
visual_slam,2020-02-26T17:53:22.998Z,31
visual_slam,2020-02-26T17:53:23.649Z,32
visual_slam,2020-02-26T17:53:24.498Z,33
visual_slam,2020-02-26T17:53:26.699Z,34
visual_slam,2020-02-26T17:53:27.699Z,35
visual_slam,2020-02-26T17:53:27.899Z,36
visual_slam,2020-02-26T17:53:28.199Z,37
visual_slam,2020-02-26T17:53:28.699Z,38
visual_slam,2020-02-26T17:53:30.449Z,39
visual_slam,2020-02-26T17:53:31.549Z,40
visual_slam,2020-02-26T17:53:32.249Z,41
visual_slam,2020-02-26T17:53:32.998Z,42
visual_slam,2020-02-26T17:53:35.449Z,43
visual_slam,2020-02-26T17:53:36.349Z,44
visual_slam,2020-02-26T17:53:39.849Z,45
visual_slam,2020-02-26T17:53:41.998Z,46