visual_slam,2020-02-26T18:12:43.957Z,0.5
command_recognition,2020-02-26T18:12:43.957Z,0.1
visual_slam,2020-02-26T18:12:44.558Z,0.5
command_recognition,2020-02-26T18:12:44.558Z,0.1
command_recognition,2020-02-26T18:12:44.659Z,0.1
visual_slam,2020-02-26T18:12:44.658Z,0.5
visual_slam,2020-02-26T18:12:44.759Z,0.5
command_recognition,2020-02-26T18:12:44.759Z,0.1
visual_slam,2020-02-26T18:12:44.859Z,0.5
command_recognition,2020-02-26T18:12:44.859Z,0.1
visual_slam,2020-02-26T18:12:45.862Z,0.5
command_recognition,2020-02-26T18:12:45.862Z,0.1
command_recognition,2020-02-26T18:12:46.263Z,0.1
visual_slam,2020-02-26T18:12:46.263Z,0.5
visual_slam,2020-02-26T18:12:46.363Z,5
command_recognition,2020-02-26T18:12:46.363Z,0.1
visual_slam,2020-02-26T18:12:46.464Z,0.5
command_recognition,2020-02-26T18:12:46.464Z,1
command_recognition,2020-02-26T18:12:46.564Z,1
visual_slam,2020-02-26T18:12:46.564Z,0.5
visual_slam,2020-02-26T18:12:47.166Z,0.5
command_recognition,2020-02-26T18:12:47.166Z,0.1
visual_slam,2020-02-26T18:12:47.872Z,0.5
command_recognition,2020-02-26T18:12:47.872Z,0.1
visual_slam,2020-02-26T18:12:48.374Z,0.5
command_recognition,2020-02-26T18:12:48.374Z,0.1
visual_slam,2020-02-26T18:12:48.474Z,0.5
command_recognition,2020-02-26T18:12:48.474Z,0.1
visual_slam,2020-02-26T18:12:49.077Z,0.5
command_recognition,2020-02-26T18:12:49.077Z,0.1
visual_slam,2020-02-26T18:12:50.182Z,0.5
command_recognition,2020-02-26T18:12:50.183Z,1
visual_slam,2020-02-26T18:12:51.185Z,0.5
command_recognition,2020-02-26T18:12:51.185Z,0.1
visual_slam,2020-02-26T18:12:52.290Z,5
command_recognition,2020-02-26T18:12:52.290Z,0.1
visual_slam,2020-02-26T18:12:52.390Z,0.5
command_recognition,2020-02-26T18:12:52.391Z,0.1
visual_slam,2020-02-26T18:12:53.997Z,0.5
command_recognition,2020-02-26T18:12:53.997Z,1
visual_slam,2020-02-26T18:12:54.599Z,5
command_recognition,2020-02-26T18:12:54.599Z,1
command_recognition,2020-02-26T18:12:54.699Z,1
visual_slam,2020-02-26T18:12:54.699Z,0.5
visual_slam,2020-02-26T18:12:54.999Z,0.5
command_recognition,2020-02-26T18:12:54.999Z,0.1
visual_slam,2020-02-26T18:12:57.611Z,0.5
command_recognition,2020-02-26T18:12:57.611Z,0.1
visual_slam,2020-02-26T18:12:57.912Z,0.5
command_recognition,2020-02-26T18:12:57.912Z,1
visual_slam,2020-02-26T18:12:58.914Z,0.5
command_recognition,2020-02-26T18:12:58.914Z,0.1
visual_slam,2020-02-26T18:13:00.118Z,0.5
command_recognition,2020-02-26T18:13:00.118Z,0.1
visual_slam,2020-02-26T18:13:00.318Z,0.5
command_recognition,2020-02-26T18:13:00.318Z,0.1
visual_slam,2020-02-26T18:13:01.822Z,0.5
command_recognition,2020-02-26T18:13:01.822Z,1
visual_slam,2020-02-26T18:13:02.022Z,0.5
command_recognition,2020-02-26T18:13:02.022Z,1
visual_slam,2020-02-26T18:13:02.123Z,0.5
command_recognition,2020-02-26T18:13:02.123Z,1
visual_slam,2020-02-26T18:13:02.223Z,0.5
command_recognition,2020-02-26T18:13:02.224Z,1
visual_slam,2020-02-26T18:13:02.725Z,5
command_recognition,2020-02-26T18:13:02.725Z,1
visual_slam,2020-02-26T18:13:02.825Z,5
command_recognition,2020-02-26T18:13:02.826Z,0.1
visual_slam,2020-02-26T18:13:03.027Z,0.5
command_recognition,2020-02-26T18:13:03.027Z,0.1
visual_slam,2020-02-26T18:13:03.126Z,5
command_recognition,2020-02-26T18:13:03.126Z,0.1
command_recognition,2020-02-26T18:13:03.327Z,0.1
visual_slam,2020-02-26T18:13:03.327Z,0.5
visual_slam,2020-02-26T18:13:03.427Z,0.5
command_recognition,2020-02-26T18:13:03.427Z,0.1
command_recognition,2020-02-26T18:13:03.527Z,0.1
visual_slam,2020-02-26T18:13:03.527Z,5
visual_slam,2020-02-26T18:13:03.627Z,5
command_recognition,2020-02-26T18:13:03.627Z,0.1
visual_slam,2020-02-26T18:13:03.728Z,0.5
command_recognition,2020-02-26T18:13:03.728Z,0.1
visual_slam,2020-02-26T18:13:05.432Z,0.5
command_recognition,2020-02-26T18:13:05.433Z,1
visual_slam,2020-02-26T18:13:06.433Z,0.5
command_recognition,2020-02-26T18:13:06.433Z,0.1
visual_slam,2020-02-26T18:13:09.261Z,0.5
command_recognition,2020-02-26T18:13:09.261Z,1
visual_slam,2020-02-26T18:13:10.263Z,0.5
command_recognition,2020-02-26T18:13:10.263Z,0.1
visual_slam,2020-02-26T18:13:12.666Z,0.5
command_recognition,2020-02-26T18:13:12.666Z,1
visual_slam,2020-02-26T18:13:12.866Z,0.5
command_recognition,2020-02-26T18:13:12.866Z,1
visual_slam,2020-02-26T18:13:13.667Z,0.5
command_recognition,2020-02-26T18:13:13.667Z,0.1
visual_slam,2020-02-26T18:13:14.371Z,5
command_recognition,2020-02-26T18:13:14.371Z,0.1
visual_slam,2020-02-26T18:13:15.273Z,5
command_recognition,2020-02-26T18:13:15.274Z,0.1
visual_slam,2020-02-26T18:13:15.373Z,0.5
command_recognition,2020-02-26T18:13:15.373Z,0.1
visual_slam,2020-02-26T18:13:15.475Z,0.5
command_recognition,2020-02-26T18:13:15.475Z,0.1
visual_slam,2020-02-26T18:13:15.575Z,0.5
command_recognition,2020-02-26T18:13:15.575Z,0.1
visual_slam,2020-02-26T18:13:15.675Z,0.5
command_recognition,2020-02-26T18:13:15.675Z,0.1
visual_slam,2020-02-26T18:13:15.776Z,5
command_recognition,2020-02-26T18:13:15.777Z,0.1
visual_slam,2020-02-26T18:13:15.876Z,0.5
command_recognition,2020-02-26T18:13:15.876Z,0.1
visual_slam,2020-02-26T18:13:15.976Z,0.5
command_recognition,2020-02-26T18:13:15.976Z,1
visual_slam,2020-02-26T18:13:16.077Z,0.5
command_recognition,2020-02-26T18:13:16.077Z,1
command_recognition,2020-02-26T18:13:16.178Z,1
visual_slam,2020-02-26T18:13:16.178Z,0.5
command_recognition,2020-02-26T18:13:16.980Z,0.1
visual_slam,2020-02-26T18:13:16.980Z,0.5
visual_slam,2020-02-26T18:13:19.786Z,0.5
command_recognition,2020-02-26T18:13:19.786Z,1
visual_slam,2020-02-26T18:13:20.789Z,0.5
command_recognition,2020-02-26T18:13:20.790Z,0.1
visual_slam,2020-02-26T18:13:21.592Z,5
command_recognition,2020-02-26T18:13:21.593Z,0.1
visual_slam,2020-02-26T18:13:21.892Z,0.5
command_recognition,2020-02-26T18:13:21.892Z,0.1
visual_slam,2020-02-26T18:13:21.992Z,5
command_recognition,2020-02-26T18:13:21.992Z,0.1
visual_slam,2020-02-26T18:13:23.300Z,5
command_recognition,2020-02-26T18:13:23.300Z,0.1
visual_slam,2020-02-26T18:13:23.400Z,5
command_recognition,2020-02-26T18:13:23.400Z,1
visual_slam,2020-02-26T18:13:23.501Z,5
command_recognition,2020-02-26T18:13:23.501Z,1
visual_slam,2020-02-26T18:13:23.702Z,0.5
command_recognition,2020-02-26T18:13:23.702Z,1
visual_slam,2020-02-26T18:13:23.803Z,5
command_recognition,2020-02-26T18:13:23.803Z,1
visual_slam,2020-02-26T18:13:23.904Z,5
command_recognition,2020-02-26T18:13:23.904Z,1
visual_slam,2020-02-26T18:13:24.005Z,0.5
command_recognition,2020-02-26T18:13:24.005Z,1
visual_slam,2020-02-26T18:13:24.106Z,5
command_recognition,2020-02-26T18:13:24.107Z,1
visual_slam,2020-02-26T18:13:24.406Z,5
command_recognition,2020-02-26T18:13:24.406Z,0.1
visual_slam,2020-02-26T18:13:26.811Z,5
command_recognition,2020-02-26T18:13:26.811Z,1
visual_slam,2020-02-26T18:13:27.812Z,5
command_recognition,2020-02-26T18:13:27.812Z,0.1
visual_slam,2020-02-26T18:13:30.722Z,5
command_recognition,2020-02-26T18:13:30.722Z,1
visual_slam,2020-02-26T18:13:31.723Z,5
command_recognition,2020-02-26T18:13:31.724Z,0.1
visual_slam,2020-02-26T18:13:34.631Z,5
command_recognition,2020-02-26T18:13:34.631Z,1
visual_slam,2020-02-26T18:13:35.635Z,5
command_recognition,2020-02-26T18:13:35.635Z,0.1
visual_slam,2020-02-26T18:13:38.038Z,5
command_recognition,2020-02-26T18:13:38.038Z,1
visual_slam,2020-02-26T18:13:39.041Z,5
command_recognition,2020-02-26T18:13:39.041Z,0.1
visual_slam,2020-02-26T18:13:41.949Z,5
command_recognition,2020-02-26T18:13:41.949Z,1
visual_slam,2020-02-26T18:13:42.954Z,5
command_recognition,2020-02-26T18:13:42.954Z,0.1
visual_slam,2020-02-26T18:13:45.561Z,5
command_recognition,2020-02-26T18:13:45.561Z,1
visual_slam,2020-02-26T18:13:46.561Z,5
command_recognition,2020-02-26T18:13:46.562Z,0.1
visual_slam,2020-02-26T18:13:48.866Z,5
command_recognition,2020-02-26T18:13:48.866Z,1
visual_slam,2020-02-26T18:13:49.867Z,5
command_recognition,2020-02-26T18:13:49.867Z,0.1
visual_slam,2020-02-26T18:13:52.489Z,5
command_recognition,2020-02-26T18:13:52.489Z,1
visual_slam,2020-02-26T18:13:53.389Z,5
command_recognition,2020-02-26T18:13:53.389Z,0.1
visual_slam,2020-02-26T18:13:56.299Z,5
command_recognition,2020-02-26T18:13:56.299Z,1
command_recognition,2020-02-26T18:13:57.300Z,0.1
visual_slam,2020-02-26T18:13:57.300Z,5
visual_slam,2020-02-26T18:13:59.506Z,5
command_recognition,2020-02-26T18:13:59.507Z,1
visual_slam,2020-02-26T18:14:00.306Z,5
command_recognition,2020-02-26T18:14:00.307Z,0.1
visual_slam,2020-02-26T18:14:03.419Z,5
command_recognition,2020-02-26T18:14:03.419Z,1
command_recognition,2020-02-26T18:14:04.421Z,0.1
visual_slam,2020-02-26T18:14:04.421Z,5
visual_slam,2020-02-26T18:14:07.433Z,5
command_recognition,2020-02-26T18:14:07.434Z,1
visual_slam,2020-02-26T18:14:08.436Z,5
command_recognition,2020-02-26T18:14:08.436Z,0.1
visual_slam,2020-02-26T18:14:10.553Z,5
command_recognition,2020-02-26T18:14:10.553Z,1
visual_slam,2020-02-26T18:14:11.454Z,5
command_recognition,2020-02-26T18:14:11.454Z,0.1
command_recognition,2020-02-26T18:14:13.658Z,1
visual_slam,2020-02-26T18:14:13.658Z,5
visual_slam,2020-02-26T18:14:14.659Z,5
command_recognition,2020-02-26T18:14:14.659Z,0.1
visual_slam,2020-02-26T18:14:17.467Z,5
command_recognition,2020-02-26T18:14:17.467Z,1
command_recognition,2020-02-26T18:14:18.472Z,0.1
visual_slam,2020-02-26T18:14:18.472Z,5
visual_slam,2020-02-26T18:14:21.082Z,5
command_recognition,2020-02-26T18:14:21.082Z,1
visual_slam,2020-02-26T18:14:21.984Z,5
command_recognition,2020-02-26T18:14:21.985Z,0.1
visual_slam,2020-02-26T18:14:24.187Z,5
command_recognition,2020-02-26T18:14:24.187Z,1
visual_slam,2020-02-26T18:14:25.189Z,5
command_recognition,2020-02-26T18:14:25.189Z,0.1
visual_slam,2020-02-26T18:14:27.693Z,5
command_recognition,2020-02-26T18:14:27.693Z,1
command_recognition,2020-02-26T18:14:28.698Z,0.1
visual_slam,2020-02-26T18:14:28.698Z,5
visual_slam,2020-02-26T18:14:31.607Z,5
command_recognition,2020-02-26T18:14:31.607Z,1
visual_slam,2020-02-26T18:14:32.608Z,5
command_recognition,2020-02-26T18:14:32.608Z,0.1
visual_slam,2020-02-26T18:14:35.312Z,5
command_recognition,2020-02-26T18:14:35.312Z,1
visual_slam,2020-02-26T18:14:36.014Z,5
command_recognition,2020-02-26T18:14:36.014Z,0.1
visual_slam,2020-02-26T18:14:38.620Z,5
command_recognition,2020-02-26T18:14:38.620Z,1
visual_slam,2020-02-26T18:14:39.620Z,5
command_recognition,2020-02-26T18:14:39.620Z,0.1
command_recognition,2020-02-26T18:14:41.930Z,1
visual_slam,2020-02-26T18:14:41.930Z,5
visual_slam,2020-02-26T18:14:42.932Z,5
command_recognition,2020-02-26T18:14:42.932Z,0.1
visual_slam,2020-02-26T18:14:45.647Z,5
command_recognition,2020-02-26T18:14:45.648Z,1
command_recognition,2020-02-26T18:14:46.651Z,0.1
visual_slam,2020-02-26T18:14:46.651Z,5
visual_slam,2020-02-26T18:14:48.959Z,5
command_recognition,2020-02-26T18:14:48.959Z,1
command_recognition,2020-02-26T18:14:49.959Z,0.1
visual_slam,2020-02-26T18:14:49.959Z,5
visual_slam,2020-02-26T18:14:52.063Z,5
command_recognition,2020-02-26T18:14:52.063Z,1
visual_slam,2020-02-26T18:14:53.065Z,5
command_recognition,2020-02-26T18:14:53.065Z,0.1
command_recognition,2020-02-26T18:14:53.967Z,0
visual_slam,2020-02-26T18:14:53.967Z,5
visual_slam,2020-02-26T18:15:46.942Z,0.5
command_recognition,2020-02-26T18:15:46.942Z,0